CardNumber,ExpriryDate,VerificationCode,Name,IsDefault,PaymentId
4936935458756394046,05/31,841,Tina Rich,No,36
639044428303,07/30,007,Alexander Goodwin,Yes,32
2709341465421483,03/27,2851,Mark Carter,Yes,37
347657879398559,02/32,897,Timothy Kelly,No,25
4419013469726490592,09/28,322,Erika Cox,Yes,21
6542470168382635,06/26,750,Denise Gutierrez,Yes,35
3503544152836931,09/28,646,James Malone,Yes,30
213131651204055,06/30,400,Jeanne Greer,Yes,27
6561296168241398,05/25,302,Pamela Andersen,Yes,38
38181739935033,04/28,238,Timothy Gardner,Yes,31
4626143380413132,01/25,271,Julie Wright,Yes,24
4904897419049885,10/26,617,Tiffany Alvarez,Yes,22
4743618056080,08/26,898,John Clements,No,33
4284492187925542355,01/30,379,Ashley Santos,No,39
30053585295994,10/31,593,Joshua Lynch,Yes,26
6011390618577786,10/30,0607,Jason Perkins,Yes,23
4331232576301,10/34,188,Charles Snyder,Yes,34
2709027466624320,05/26,006,Joseph Braun,No,28
377054058082621,01/29,351,Kevin Tran,No,29
3506725206783503,08/28,6628,William Brown,No,40
